{"platform": "凤凰网汽车", "source": "凤凰网汽车", "title": "荣威i5的设计故事：要为年轻的奋斗者造车", "content": "凤凰网汽车讯 为了满足“年轻”消费者的审美，车企们纷纷按照自己的品牌特点推出“年轻化”的新车，所以就算是在充满沧桑感的胡同里，经常会有“张牙舞爪”的新车出没，虽说能带来挺多化的感觉，但总觉得哪里还是不够协调，不过我们绝不会去否认任何一个原创设计，但在很多奉行类似“低调”、“沉默是金”的消费者心里，还是想要一台“好看”又不“吓人”的车。所以当上汽集团技术中心副总设计师兼设计部全球总监邵景峰在介绍是一台“为年轻的奋斗者造车”时，我内心十分的赞同，这位曾设计出第一代的设计师，就是打算“再造朗逸神话”，希望用设计打动大多数消费者的内心，那么问题来了，i5能够承担这个重任么？有难度，但荣威i5的胜算很大。有难度，说的还是紧凑型轿车市场，在这个领域中有太多的选择，虽说整体销量很大，但是前十的车型占据了大部分销量，但是当下的市场还是要靠产品实力，荣威i5的整体实力很强，单从今天要说的设计来看，确实是优于绝大多数车型的：荣威i5的车身尺寸为4601x1818x1489毫米，轴距2680毫米，处于中级车（紧凑型）行列，不过横向比较同级主要热销车的车身宽度，荣威i5以1818毫米属于绝对领先，甚至要比高两级的某些行政级轿车还要宽。这样一来，首先不会显得“小气”，宽敞的车身不仅能让内部空间更理想，对视觉的提升是非常明显的。在整体设计中，荣威i5恰到好处的集合了“大气”与“动感”，本身这两个特点是不太融洽的，但是荣威i5取得了一种平衡，即整体给人的感觉是、修长，很符合黄金比例的设计，但很多细节又很有“韵律”，突出了一定的动感，虽然不及上汽旗下全新6那般富有激情，但就是在这种动静结合之间，才能获得更多消费者的青睐。上汽设计团队确实为荣威i5考虑了很多，外部可以轻易找到许多设计亮点，像双曲灵跃腰线、C柱三角窗、低风阻车尾转折、回形雾灯，以及荣威轿车里首次出现的ROEWE字标，都表明了这是一款十分注重细节设计的车型，或许就通过某个细节，就能彻底打动持币待购的消费者。尽管这套内饰风格并不是第一次出现在荣威车内，但是通过三种色彩搭配，依然可以获得十足的年轻感，尤其以“都市红”的配色最为突出。相比黑色和米色，红色具备更强的视觉冲击，荣威i5车内的红色+黑色的撞色从中控台一直延伸到后排座椅，特别是各种材质的选择也十分讲究，为车内带来越级的品质感。相比Ei5（是的，我终于提到这个先于i5的纯电动车了），i5在内饰进行了“汽油化”的修改，包括将旋钮式换挡机构改为了传统的挡把式，不过内饰更加简洁，将空调控制区域与中控台屏幕进行整合，减少了车内按键的数量。同时，相比Ei5，i5用12.3英寸液晶仪表取代了机械+电子混合的仪表盘，而且中控台触屏也从8英寸扩大到10.1英寸，从这点也能显示上汽方面对年轻消费者喜好的洞察——毕竟大家都喜欢大屏，虽说i5不如i6/Ei6车内的竖幕那么夸张，但是对比Ei5来说，i5在此方面已经有了明显的诚意。此外，全新的“斑马2.0”智能车机互联系统系统也会出现在i5中，相比之前的版本，除了更智能之外，显示的界面也会起到提升车内科技感的组成部分，从设计角度来说意义更大。很显然，上汽方面以奋进的“年轻一代”为蓝本，设计了i5，针对喜好、习惯这两个维度，呈现出一台非常全面的三厢轿车产品，本次主要针对设计进行介绍，而在接下来一段时间内凤凰网汽车还会对荣威i5进行全方位的体验、试驾等，敬请关注。", "time": "08:01:27", "data": "2018-09-30", "author": "综合报道", "comments_count": "0", "like": "0", "url": "https://auto.ifeng.com/daogou/20180930/1240859.shtml", "keyword": "消费者"},
{"platform": "凤凰网汽车", "source": "凤凰网汽车", "title": "第二代长安逸动高能版购车指南 推荐先锋型", "content": "9月20日，在第二代车型中推出新配置，命名高能版，同时推出普通燃油版和搭载48V弱混的蓝动版车型，售价区间为7.49-10.69万。新车基于第二代逸动的高颜值、高品质设计，加入更多智能配置，主打高智能、年轻化。另外，根据官方补贴政策，10月31日前购车，可享受5000元现金优惠、6年12次免费保养、赠送一年交强险礼包，同时享受24期0利率贷款，品牌置换补贴6000元优惠政策。如果说新车在外观、内饰等方面的设计给我们第一眼的惊艳并不足够深刻的话，那么亲自驾乘后新车的行驶品质、舒适性会带给我们跨级的感受。算上两款48V蓝动版车型，新车这次共推出了足足十款配置，在挑选方面还是需要费一番功夫。本篇文章即旨在通过车型间的配置分析，帮助你找到自己需求的那款。外观方面，新车与第二代长安逸动相同，使用了最新的家族式设计语言，和之前上市的CC造型有异曲同工之处。前进气格栅采用了“X”型设计，配以横幅镀铬装饰条让前脸看起来更加年轻时尚，前大灯组还加入了LED日间行车灯。车身尺寸方面，长宽高分别为4710x1820x1490毫米，轴距为2700毫米。车尾部分，一条镀铬饰条连接左右后尾灯，LED尾灯和前大灯相呼应。下保险杠使用了黑色护板配以镀铬装饰条，突出尾部层次感。此外根据配置不同，该车还提供多色车窗外夹条、镀铬门把手及鲨鱼鳍天线等配置可选。内饰方面，全新的风格很符合当下年轻消费者的审美。功能区域划分简洁清晰，平和柔缓的线条让人看着更加舒心。三幅式多功能方向盘采用平底设计，皮质包裹的方向盘尺寸适中，握感舒适。新车顶配车型中控采用一块10.25英寸嵌入式多媒体触控屏，搭载in call 3.0车载系统，集成在线导航、影音及语音控制等功能，可实现智能语音、远程操控，并通过手机APP掌控车辆信息。配置方面，这款车拥有ACC自适应巡航系统、预警辅助制动系统、盲区可视系统、直接式胎压监测功能以及全系标配的车身电子稳定系统。动力方面，新车先期只提供一台代号为JL478QEN的1.6L自然吸气发动机，该发动机具有缸内直喷技术，最大功率为128马力，匹配5速手动或6速自动变速器。逸动高能版的基础配置并不突出，但显然在安全方面下了一番功夫，全系标配的9.3代博世车身稳定控制系统被重点强调。同时，在基础版本上面出现了LED日间行车灯、7英寸中控屏幕、蓝牙、倒车影像等配置，在日常实用性方面显然已经得到了一定保障。虽然第二代逸动高能版推出了十款配置，但仔细分析，其规律还是非常明显的：根据配置分为了锐锋型、先锋型、争锋型和领锋型，再根据两款变速器，各自4款车型，共计8款，再加上蓝动版的两款，组成了十款新车。我们先来分析手动版本。仅仅多花了6千元差价，先锋型就多出了十数项实用配置，在便利性配置方面，无钥匙启动/进入、自动头灯、自动空调等可以为用车提供更加方便的基础；10.25英寸大屏、仿皮座椅对视觉效果、档次感提升明显。以上这些，仅需要比入门版本多付出6千元，可以说非常划算。相比前二者的配置提升的性价比方面，争锋型的提升要相对略小一些。更大的轮圈尺寸能带来更好的视觉效果；内置行车记录仪、主驾电动调节/记忆、车联网都是使用率非常高的配置；定速巡航、后视镜电动折叠会在某些情况下证明其存在的价值；而气囊等则是为安全保驾护航。从成本考虑，这7千元的差价花费也算是比较值得。领锋型即为全系顶配的车型，其配置水平可以说非常高。最大的提升当属全液晶仪表和全LED光源头灯了，这两项对豪华感提升明显的配置完全可以作为越级配置增强竞争力；全车一键升降、车载空气净化器的使用频率非常高，是我们每天都可以享受到的舒适、便利配置。当然，顶配车型领锋型需要额外付出7千元差价，当然，这7千元差价仍然非常值得。但实际上，来自爱信的6速手自一体变速器无论是成本还是使用体验都是非常优秀的产品。在这个环节也无需太过纠结，对自动变速器有核心需求的，这1.2万元显然省不了。以上即为8款燃油版车型之间的差异，变速器方面作为每个人的核心需求，无法多谈。具体到车型配置，如果你的预算充足，显然顶配领锋型是个一步到位的选择，高配置带来的品质感毋庸置疑，更何况相对稍低的配置，顶配并未贵出较多价格。如果你的预算不充足，更追求性价比的话，那显然先锋版是个最合适的选择，以仅比入门版贵了6千元的价格，可以换来十数款配置提升，非常超值。到这里并没有结束，还有两款新增的蓝动版车型未作对比。第二代逸动高能版的车型选择即便放在本篇这种分析的相对透彻的文章中，仍然难以完全的界定性价比之间的取舍。可以说，每一款配置的提升性价比都非常高，6、7千元的差价带来的配置水平都是万元以上的提升感受。综合来看，还是先锋版车型性价比最高。至于变速器的取舍，则更多要看个人。", "time": "00:50:38", "data": "2018-09-22", "author": "董世昂", "comments_count": "0", "like": "0", "url": "https://auto.ifeng.com/daogou/20180922/1238664.shtml", "keyword": "凤凰网"},
{"platform": "凤凰网汽车", "source": "凤凰网汽车", "title": "名爵HS所蕴含的“荷尔蒙” 是上汽优秀造车能力的最好体现", "content": "凤凰网汽车讯 近一段时间铺天盖地的“荷尔蒙SUV”着实刷新了我对产品宣传的认知，在佩服上汽乘用车强大的宣传、营销能力的同时，我对这款搭载Bose品牌音响的车确实很有兴趣，因为我了解一台车能装上Bose音响意味着什么，所以当同事们已经分别进行了静态体验、场地试驾、四驱体验、道路试驾等阶段之后，我刚刚与的项目团队进行了深入的沟通，从开发、调试、制造环节来解读一下这个近期最热的网红车型。在沟通之前，我驾驶一台顶配的名爵HS进行了体验，对有些大家关心的问题进行了探究：并不是，虽然尺寸接近，但是名爵HS是完全开发的新车，和荣威RX5没什么关系了。整体表现是优秀的，特别是横向比较同类产品，能明显感觉到调校花了心思，能够带来较为平顺的驾驶体验，而且使用双离合最核心的诉求还是为了节能减排，这对汽油车来说几乎算是“不可逆”的趋势了。Bose从车型开发之初就会介入，加上严苛的质量标准与丰富的调音经验，能够呈现出较好的音响效果，这个后期凤凰网汽车也会专门对音响系统进行解读，可以肯定的是，就音乐播放效果来说，同级别应该没有能与名爵HS相比的。这一点必须要为名爵HS正名，以级别、配置、动力表现、科技配置来说，顶配不到20万，已经相当超值了，而且名爵还是正宗的英国汽车品牌，虽然属于上汽集团，但其主要参考对比的也应该是CR-V等合资SUV，所以目前公布的2.0T车型17.18-19.78万元的预售价区间也就不高了。言归正传，本期的主题是名爵HS的品质如何构建，为此凤凰网汽车与3位名爵HS的项目负责人进行了沟通，包括上汽乘用车公司副总经理陶海龙先生、负责名爵HS平台统筹规划/技术方案确定/技术指标把控的上汽乘用车项目管理部整车平台总工程师姜骏先生、负责名爵HS整车动力性能匹配/驾乘品质调校工作的上汽乘用车整车集成部总监康飞先生。上汽乘用车公司副总经理陶海龙上汽乘用车项目管理部整车平台总工程师姜骏上汽乘用车整车集成部总监康飞对于名爵品牌，陶海龙先生表示当名爵品牌归属上汽以后，其团队学到了很多，深受名爵品牌文化的影响，努力传承名爵品牌和汽车文化，并通过来自上汽新四化发展战略指导，进行深入的创新，获得更好的产品力和发展。对名爵HS，陶总用到“面子、里子、底子”这三个关键字。面子，是构成产品品质很重要的一个要素。名爵对面子或者产品品质的态度一丝不苟，所谓的难和简单，实际上取决于要求是多少。以名爵HS大曲面的外部工艺为例，挑战十分大，从专业的眼光看，已经做到非常非常精致了，不比任何一家高端汽车品牌差，已经达到了行业领先的水平。里子，名爵是一个运动化品牌，HS秉承名爵品牌always YOUNG的精神，为了体验这种传承，HS特意在方向盘上增加了红色按纽，可以实现“Super Sport超级运动”模式，按下之后仪表会进入橙色的Super Sport界面，而电动转向会更加精准、转向力会适当增加、发动机也会适当增加喷油量，甚至还可以在排气系统听到更加澎湃的声音，综合从触觉、听觉、视觉方面进入到Super Sport超级运动模式的状态，满足大家的需求。底子，名爵HS是一辆荷尔蒙SUV，也是一辆安静的SUV，一辆让人带感的SUV。这样的SUV，必须做到让驾乘人员听到想听的，隔绝不想听的。为了打造同级最佳的NVH（噪声、振动与声振粗糙度）水准，开发团队24小时不停地研究讨论，通过传感器分析不断的去捕捉、去消除不同频率段的不同声音，最后呈现出的状态大大的超出了原有的预期。除了NVH之外，对双离合变速器的升级也是HS开发工作的重点，2年多的开发时间，目标就是“第一是平顺、第二是平顺、第三还是平顺！不仅做到平顺，还要符合名爵品牌always YOUNG这个DNA，要符合荷尔蒙SUV的定义，所以不光要平顺，还要有激情。所以上汽全新一代6速湿式双离合变速器速比增大、响应更快、承扭能力得到了20%的提升。同时，为了做好双离合的平顺性，选用了新一代国际上先进的进口的离合器电磁控制阀，让控制更加精准、更加柔滑、丝滑。名爵HS希望给消费者带来一种三心二意的感觉，“三心”就是开心、放心、省心，开心是驾驶的快乐的感觉；放心是有MG PILOT系统，有这样36米级的刹停表现；省心是高性能的发动机，还有AWD的城市智能四驱系统，在使用的过程当中节省用车的费用。“三心二意”的“二意”就是，买了这辆车，一定会让大家满意，开起来很惬意。为了实现上面提到的“放心”，名爵HS除了传统的车身的强度，包括副车架、全副车架等基础的设施之外，同时引用了MG PILOT主动安全系统，在视觉芯片上采用是先进驾驶辅助技术及自动驾驶的全球领导者Mobileye，名爵HS用了这样的系统，确保了系统应用的过程当中，跟国际一流品牌保持在一个水平，同时为了确保这个系统是安全可靠的，在今年的年初，中国首次公开模拟真实交通路况的主动安全测试上，这套系统是百分之百通过的，模拟客户在平时使用过程当中，低速跟车、刹车、急停等情况，用了这套系统，希望大家在开车的过程当中，真正体验到开车乐趣。此外，名爵HS还完成了“三高”（，高温、高原（高海拔）、高寒）挑战，整个里程有500万公里，也是能够确保“三心”实现的基础。可以说，在荷尔蒙SUV的产品经理人背后，是成千上万人的荷尔蒙团队力量。要造这样一辆率先满足新时代年轻需求的精品SUV，要有强大而完善的体系支撑，以及设计、材料、生产、质量等林林总总的部门通力协作。在外界眼中，名爵HS可以说是惊艳了整个SUV市场，但名爵HS开发和制造乃至推向市场的过程，却是一个艰苦卓绝的通力协作的过程。在9月下旬，名爵HS会正式上市，届时除了将公布2.0T全系车型指导售价外，还会公布1.5T车型的阵容与售价，凤凰网汽车也会在现场为您带来快速报道，敬请期待。", "time": "00:15:53", "data": "2018-09-07", "author": "综合报道", "comments_count": "0", "like": "0", "url": "https://auto.ifeng.com/daogou/20180907/1232425.shtml", "keyword": "凤凰网"},
{"platform": "凤凰网汽车", "source": "凤凰网汽车", "title": "未冰雪，先绸缪 普利司通冬季轮胎新品冰锐客XG02体验", "content": " 入秋后，气温渐低，感到凉爽的同时，也预示着寒冷的冬季即将来临。就像天冷了要加衣服一样，冬季行车也要提前做好准备，尤其轮胎，至关重要。轮胎是汽车唯一与地面接触的部件，是决定车辆性能的基础和关键。公安部道路安全研究中心研究表明，30km/h速度、相同车况，冬季冰雪路面制动距离是夏季干燥路面的8倍，非常惊人。除了制动距离更长，冬季行车还容易出现：起步打滑、上坡溜车、转弯侧滑等情况，而这一切都是气温降低，轮胎抓地力下降惹的祸，极大影响了冬季的行车安全。怎么才能确保冬季行车安全呢？给爱车换上一套靠谱的冬季轮胎。在欧洲一些国家，使用冬季轮胎是法规硬性要求，比如瑞典，要求每年12月1日至来年3月31日，“必须安装”冬季轮胎。在我国，虽然还没有法规要求，但北方地区（东三省、新疆、内蒙）的用户，一定对冬季轮胎的使用很有心得，如人饮水，冷暖自知。说到冬季轮胎，全球几大轮胎品牌都有专门的产品，对于普利司通而言就是冰锐客（BLIZZAK）系列冰雪专用轮胎。自1988年诞生以来，冰锐客畅销全球，日本本土占有率40%，美国和欧洲市场也占了近1/3，2005年该产品引入中国，受到北方用户的认可。2018年，全新冰锐客XG02在中国上市，在提供强大的冰路、湿路性能的同时，进一步平衡了冰雪性能与一般性能，延长了使用寿命。冬季轮胎如何在低温下保持抓地效果？必然有其独门秘笈，从材质来说，普利司通独有的发泡橡胶技术就是其一。在低温情况下，胎面橡胶依然能保持柔软，从而与地面更好接触。除了柔软，发泡橡胶内部还有独特的气室，能够破坏轮胎与冰面之间的水膜，增大摩擦系数。冰锐客XG02在使用发泡橡胶技术的同时，还在轮胎花纹、结构上有所升级。比如，优化细缝花纹的间隔，以提升花纹块刚性，采用更宽大的细缝花纹块，相同条件下可增加接地面积，提高冰面抓地效果。胎面花纹采用W型设计，在制动时能提供花纹块更好的支撑，减少花纹块蠕动，刚性更好。此外，轮胎胎面处理也经过升级。由于发泡橡胶不能与轮胎模具直接接触，在此之前，发泡橡胶表面有一层很薄的普通橡胶，磨掉这一层普通橡胶后才会发挥最强性能。新款冰锐客XG02在这层普通橡胶表面也做出微气室，能够有效破坏水膜，在新胎阶段就能提供良好的冰路性能。经过升级，冰锐客XG02的冰雪路面性能更强，与前一代XG01相比，冰面制动距离缩短10%，湿路制动距离缩短7%，而使用寿命延长了10%，这对于中国消费者是很好的消息，性价比更高了。在哈尔滨室内滑冰场的试驾体验也证明了这一结果，场地为人工铺制纯冰面，在行驶过一段时间后，还有很明显的一层水膜，人穿着运动鞋走在上面都很滑，稍不小心就可能摔跤，更不用说汽车了。使用车辆均为相同的前驱车型，配备冰锐客XG02的车辆在起步、过弯和制动时，都要比配备竞品轮胎的车辆，行驶更稳定、更好控制，这其中的不同就是轮胎抓地力的差别。对于北方用户，当气温低于7℃时，就建议换上冬季轮胎，以获得更好、更稳定的抓地力，保证行车安全。尤其是冬季有降雪，会在路面形成积雪、暗冰的地区，一套好的冬季轮胎必不可少。普利司通冰锐客XG02就是不错的选择，目前提供轮胎尺寸从15寸到18寸，从195/55 R15到245/50 R18多种规格的产品，适配车型也从家用车到豪华车。", "time": "12:45:07", "data": "2018-09-25", "author": "无", "comments_count": "0", "like": "0", "url": "https://auto.ifeng.com/daogou/20180925/1239282.shtml", "keyword": "轮胎"},
{"platform": "凤凰网汽车", "source": "凤凰网汽车", "title": "对凯迪拉克XT4而言，动力总成是怎样的亮点", "content": " 当还未开始官宣的时候，听到2.0T+9AT的组合，我就对新车的动力匹配很有信心，甚至在与厂商工作者的探讨过程中，直言这完全可以当作新车的亮点之一进行宣传。没错，接触了通用集团多款横置9AT车型后，我对该动力匹配很有信心，特别是当官方此次重点强调全新引擎的革命性技术带来的一系列进步后，结合XT4十分亲民的售价，XT4的动力总成这一亮点似乎如水波涟漪般又被放大了数倍。1、Tripower可变气门管理技术，甚至可以两缸超经济模式工作2、基于1的两缸超经济模式，应用主动燃油管理技术，官方综合油耗7.2升/百公里3、35MPa燃油直喷系统，燃烧更充分，有效降低颗粒物排放，达到最新的国六-B排放标准4、ATM主动热管理系统，使变速器在冷启动和稳定工作后始终保持高效温度工作5、较上一代减重14%6、基于以上，维持通用一贯的高动力输出水平，最大功率177千瓦，峰值扭矩350牛米（1500-4000转），百公里加速7.6秒简单的总结来说就是，在维持高输出水平的前提下，新发动机更轻、更节油、更环保、更稳定。搭载首创的三段式滑动凸轮轴，采用智能多级控制，可根据实际驾驶情况（可简单理解为驾驶员的油门深浅），选取最佳气门升程，适时切换“四缸高性能模式”、“四缸经济模式”、“两缸超经济模式” 三种工作模式。不过，从实际驾驶体验来看，该技术仅仅是出于一种“后台模式”的发动机纯自主行为，并不会在行车电脑上有所显示或让驾乘者有所察觉，也不可通过变速器档位、驾驶模式选择等控制。总之，该技术完全是为节油而设计，结果导向，带来的7.2升/百公里综合油耗早已说明一切。通用在中国首款搭载，系统压力由20MPa升至35MPa，可实现更好的燃油雾化，燃油粒子直径达到8微米，使得燃烧更加充分，同时降低颗粒物的排放，气体排放降低50%，颗粒物排放降低30%。第八代Ecotec系列发动机基于单缸最优设计，全系都能满足最新的国六-B排放标准。全球首创的电子水泵+电控球阀控制组合，通过各式温度传感器来了解各个部位对温度的实际需求，控制冷却系统各环路的流量，使变速器在冷启动和稳定工作后始终保持高效温度工作。根据短暂试驾的表现来看，市区综合工况下这对动力组合的匹配程度近乎完美，通用这台横置9AT的初段齿比非常绵密，在市区四五十的时速即可达到6档。毫不夸张的说，这台9AT的使用表现甚至可以媲美ZF8AT，也只有降档积极性方面略有差距，少了几分铿锵，多了几分舒适和柔缓（当然那只是在第二油门kickdown档位之前）。有了优异变速器的辅助，让这台发动机的实际表现更加乐观。最终，市区综合工况10升出头的油耗表现也算是非常让人满意了，在2.0T机型的主流市场中，这个表现任谁也挑不出来毛病。更何况，这还是一台177千瓦的高功率机型。", "time": "06:51:00", "data": "2018-09-19", "author": "董世昂", "comments_count": "0", "like": "0", "url": "https://auto.ifeng.com/daogou/20180919/1236766.shtml", "keyword": "变速器"},
{"platform": "凤凰网汽车", "source": "凤凰网汽车", "title": "力帆迈威竞争力分析 配置丰富/动力总成选择多", "content": " 如今的汽车市场，有些趋势非常明显，各个车企都在趋之若鹜。比如频繁推出SUV车型、推出7座车型，推出小排量涡轮增压车型等。这些都算是正常的市场现象，不过，如何在大家都在做这些事情的时候脱颖而出，这就需要动动脑筋了。今天介绍的这辆车——，就是一辆顺应时下汽车市场趋势推出的的车型，同时又拥有区别于竞品的自身优势特点。力帆迈威是一辆紧凑型自主SUV，采用7座布局，也就是我们口中常说的7座SUV。目前市面上自主品牌的7座SUV车型有很多，如果进一步缩小范围，把价格范围控制在5.5万-7.5万之间的话，那么可选的车型会减少很多。在这个价格范围内，消费者更看重的是汽车的实用性和性价比。那么力帆迈威可以满足消费者的需求么？相比于其他竞品而言，迈威可以打动消费者的特点又有哪些呢？下文为您一一解开。开始之前，我们先为力帆迈威选定竞品。其实，满足上述定位和价格要求的车型，目前市面上大约有20款。不过考虑到迈威的驱动形式是前置后驱，那么具备相同驱动形式的竞品就所剩无几了，最终我们将迈威的竞品选定为0A和北汽。之所以考虑到驱动形式，是因为这是在新车开发初期就会确定的东西。驱动形式形同的车型，在成本，空间布局，车型定位方面更加接近。力帆迈威共计有7款车型在售，售价区间为5.68万-7.38万，其中，1.5L车型的价格区间是5.68万-7.08万，1.8L车型5.98万-7.38万。迈威的动力总成更丰富。不仅有1.5L和1.8L两种排量可以选择，每种排量的车型下还有手动挡和自动挡车型可以选择。而竞品车型只有一种动力总成可选。迈威的售价区间偏高。无论是最低配还是最高配，迈威的售价都要比竞品略贵一些，当然，并不是平白无故的贵，下文会详细介绍。力帆迈威上市已经有挺长一段时间了，想必大家对这辆车已经比较熟悉了。我们下面简单回顾下迈威的外观和内饰的亮点设计。迈威的外形圆润硬朗，整体轮廓较为饱满。前脸的六边形网格状格栅、大面积镀铬饰条以及带蓝色装饰的大灯营造了舒展、气派的面貌。高大的车身、高挑的双段腰线、突出的轮拱以及更大尺寸的轮圈均让迈威看上去比例更协调、更美观。车尾造型饱满，富有层次感的尾灯、车顶的尾翼以及后双出的排气布局均增添了不少运动感。内饰的设计挺大气，舒展的线条看上去更宽大。仪表台使用的材质均经过了颗粒化的处理，看上去更精致，黑色与暗棕色相搭配的内饰及座椅配色看上去也比较有档次。这部分我们会通过三组对比来让您了解到迈威的独特优势。1、迈威的最低配车型与竞品的最低配车型对比从之前的价格对比可以看出，迈威的最低配车型的售价比竞品的最低配车型的售价要略贵一些，这里我们通过表格对比正好可以看一下为什么会略贵一些。迈威的最低配车型是1.5L手动的动力总成，与竞品相同，价格方面，迈威比幻速S3和欧尚X70A分别贵3000和6900元。通过表格不难看出，价格最有优势的欧尚X70A的配置相比另外两个车型要低了很多，甚至连主副驾的气囊也没有配备，被动安全配置相比另外迈威和幻速S3稍差一些。值得注意的是，迈威配备了主副驾双气囊，幻速S3只配备了主驾安全气囊，而且迈威还可以选配一系列主动安全配置。用车便利性配置方面，迈威配备了倒车雷达、车顶行李架、遥控钥匙、后雨刷、后视镜电动调节等。舒适性方面，迈威配备了前后排中央扶手、后排杯架、后排独立空调等，可以看出，迈威对于后排乘客的照顾还是比较注重的。科技性方面，迈威配备了中控彩色屏、USB、AUX以及SD卡槽等多种接口。综合来说，迈威比另外两个竞品的配置要丰富很多，比较突出的就是主动安全配置和照顾后排乘客的配置。2、迈威的最高配车型与竞品的最高配车型对比严格来说，迈威的最高配车型是1.8L自动尊享型，售价7.38万元，但是考虑到与竞品的动力总成差别过大，所以用价格相差不多的1.5L最高配车型与竞品对比。三个车型同样均为1.5L的排量，不过迈威的顶配车型是自动挡，幻速S3和欧尚X70A则依然是手动挡车型。通过对比，我们可以看出，迈威相比竞品，在配置上要逊色一些，比如没有上坡辅助和定速巡航，胎压监测不是标配等，这主要是因为自动变速箱的成本要比手动变速箱高很多，考虑到整体售价，迈威只好在配置方面做出取舍了。其实换一个思路，我们不妨将自动挡也看做是一种配置，这项配置可以让您在开车时自动帮您换挡，这么看的话，迈威的自动挡这项配置也是一个大亮点了，就看您是否肯为之买单了。3、迈威的中配车型与竞品的中配车型对比通常来讲，中配车型才是消费者买的最多的车型，所以我们对比下中配车型。需要说明的是，由于迈威有两种动力总成，所以选出了两个车型。加上竞品车型，一个4款车，售价均在6.5万元上下。通过对比，不难看出，迈威的1.5L自动挡车型与竞品的售价更接近，不过由于自动挡和手动挡变速器的成本差异，所以迈威的1.5L自动挡车型配置稍逊色一点点。而迈威的1.8L手动挡车型是这4款车中售价最便宜的，同时也是动力最强的，配置上也比较丰富。通过以上三次对比，我们可以看出，迈威相比竞品，有着鲜明的优势和特点。低配车型有着配置丰富的优势，高配车型则有动力总成的优势，比如动力更强的发动机或者更便捷的自动挡，而中配车型则可以让消费者自由选择动力总成还是丰富配置。关于空间通过实测，迈威与竞品在前排的乘坐空间方面的表现基本相同，而第二排和第三排则会体现出一些差异。迈威和欧尚X70A均全系标配第二排座椅角度调整，部分车型可以前后移动第二排座椅，而幻速S3则全系只可以调整第二排座椅角度。可以调整靠背角度，对于乘客的舒适型很重要，而前后移动第二排座椅，则可以更好的为第三排乘客提供腿部空间，所以迈威和欧尚X70A的第三排乘客的腿部空间会更宽敞些。另外，欧尚X70A采用的是2+2+3的座椅布局，所以第三排乘客的横向空间会略有拥挤，迈威和幻速S3则采用的是大多数7座SUV车型采用的2+3+2的座椅布局形式。所以欧尚X70A的第三排乘客的横向空间会更拥挤一些，综合来看，如果坐满7个人的话，迈威的座椅布局更合理一些也更宽敞一些。后备厢空间方面，对于7座SUV车型，如果三排座椅均坐人的话，后备厢只能放下一些书包或者登机箱之类的东西。但如果没有坐满人的话，可以将第三排座椅放倒，从而拓展后备厢空间，在这方面，幻速S3表现的最好，因为幻速S3可以将第二排座椅和第三排座椅按比例放倒，放倒后整个后备厢地板接近于纯平，空间可以得到充分利用。而迈威和X70A的第三排座椅均不可放倒，只能整体向前翻起，所以后备厢的空间利用率表现一般。最后说说动力，首先很明显的一点就是，本次对比的车型，发动机均为自然吸气，没有涡轮增压。这也是主要出处于成本的考虑，毕竟打算买这些车型的消费者，更看重的是性价比和实用性。通过对比可以看出力帆迈威的1.5L车型和竞品的动力不相上下，这种细微差别对于日常驾驶没有什么显著的影响。而迈威的1.8L车型在动力方面比竞品要强很多，在日常使用中，尤其是满载高负荷的状态下，开起来动力会好很多。总体来说，迈威作为一款定位注重实用和性价比的7座SUV车型，它在配置和动力总成的选择上比竞品要有着明显的优势，乘坐空间相比竞品也有着更合理的布局和更宽敞的空间，后备厢空间拓展性方面表现一般。", "time": "10:10:50", "data": "2018-09-19", "author": "无", "comments_count": "0", "like": "0", "url": "https://auto.ifeng.com/daogou/20180919/1236852.shtml", "keyword": "自动挡"},
{"platform": "凤凰网汽车", "source": "凤凰网汽车", "title": "奔驰电动SUV新车EQC：平衡之下的抢占先机", "content": "凤凰网汽车讯 时间9月5日，梅赛德斯-正式发布了其首款纯电动SUV车型EQC，这款车的目的很明确，就是为了展现德系豪华品牌在造电动车上的实力，并且迅速布局成熟的电动车市场，获得先机。EQC是一款中型纯电动SUV，采用奔驰全新纯电动平台打造，车身尺寸为4761x1884x1624毫米，轴距2873毫米，整备质量为2425公斤。EQC电力系统由6个电池模块共计384个电芯组成，电池总重650公斤，德国版的电池为戴姆勒自家的Deutsche ACCUMOTIVE，而未来国产版由宁德时代提供。不过，EQC的电力系统看起来还是过于“保守”，缺乏令人眼前一亮的数据，别说了，就连国内多数主流电动车企都可以“笑而不语”——电池能量密度仅为123Wh/Kg，百公里综合耗电量为22.2度，按照80kWh的电量，综合续航只有360公里上下（官方给出的NEDC标准续航为450公里），参考在海外的竞品i-Pace，EQC在数据上确实占不到什么便宜。从百公里综合耗电量来比较的话，特斯拉Model X 75D为15.2度电左右，捷豹EQC就是堆积了电池组的“传统纯电动车”，毕竟现在早已过了比拼电池容量的阶段，还是需要有更好的能量管理系统。充电方面，EQC最高支持110kW的快速充电桩，电量由10%-80%需要40分钟。而奔驰方面还提供了Wallbox壁挂式充电桩，最大充电功率可达22kW。\n    加速能力方面，EQC配备前后2台异步电机，可实现全时四驱，综合最大功率为408马力，峰值扭矩为765牛米，0-100公里/时加速需要5.1秒，最高车速为180公里/时。虽然纯电的表现不够抢眼，但EQC依然是台很“奔驰”的车，整体可以看做是GLC的电动版，虽然EQC采用了全新的电动平台，但是轴距数据与GLC保持了一致，这也算是奔驰留下的一枚“彩蛋”。外部整体设计和GLC类似的，但是增加了许多电动化时代诞生的装饰素，特别是中网上增加的LED灯带，与以往的奔驰车形成了较大的对比；尾灯造型与前部光源行程呼应，均为“贯穿式”的设计，而“充电口”位于车身右侧后部。内部设计其实没有出乎大家的意料，与近期的奔驰新车一样采用双10.25英寸显示屏作为仪表盘和中控屏，EQC的这套内饰应该也会应用到新的GLC内。当然，作为一台纯电动车，还是需要一些与燃油车不一样的地方，所以EQC的内部出现了全新造型的空调出风口，这个方形+金色的设计很有档次，特别是在同级纯电动车中绝对算是一个亮点。此外，由于纯电动车还象征着环保，所以EQC的内部约有100个组件是采用回收/再利用的材质制造，包括塑料、纸张等材质，像座椅内衬就是采用了完全可回收材质。考虑到EQC应该是一款国产的德系高端纯电动SUV，2019年就会上市，它还是值得我们期待的，毕竟奔驰品牌的号召力以及相对比较偏向传统燃油车的设置体验，都会降低消费者接受纯电动车的难度，但和也已经在同级别布局的纯电动SUV，无论是BMW iX3还是在2020年也都会进行国产，但“先来的”应该会有一些优势，这可能也是奔驰赶在奥迪之前发布EQC的原因吧。", "time": "12:55:33", "data": "2018-09-05", "author": "综合报道", "comments_count": "0", "like": "0", "url": "https://auto.ifeng.com/daogou/20180905/1231610.shtml", "keyword": "电动车"},
{"platform": "凤凰网汽车", "source": "凤凰网汽车", "title": "坐进雪铁龙云逸 心就到了巴黎", "content": " 还有十几天，两年一度的巴黎车展就要开幕了，在去往前方报道之前，我想对法国的文化和建筑进行初步的了解。恰好我在两周前刚刚试驾了全新。我想，法国车和法国文化，这应该是世界上最浪漫的素了吧。法国的建筑比较讲究层次感，据史料记载，法国大部分建筑都是轴对称建造的。说明他们在随性的设计中也加入了条条框框来控制自己。除此之外，你能看到很多颜色亮丽的法国建筑，活泼而又时尚。我曾去过安纳西小镇，那里的街道上充满了和的小型车。法国车对法国消费者来说很对路，但在国内很多消费者却读不懂它的设计，说来不奇怪，这也跟法国人的生活习惯有关，他们讲究细致的生活，讲究仪式感。从喝红酒这件事上，就能看得出来。喝红酒很有讲究，比如喝酒之前要让酒与空气进行充分的结合，我们管这个过程叫“醒酒”。醒过之后的酒会更加柔和醇厚。比如喝陈年的老酒要先去除瓶内的沉淀物，我们管这个过程叫“过酒”。再比如，我们喝不同的酒要用不同的酒杯，先淡后浓，先新酒后老酒，我们管这个过程叫“品酒”。喝红酒的时候，每一口都有不同的感受，就像我们在看一台车的时候，层次感是特别容易打动人的地方，层次感强额车看起来会有更高档的质感。但很多人喝红酒都会一口闷掉，然后跟别人说，这就不好喝，又酸又涩。汽车很像葡萄酒，他们的种类都多到数不过来，但都需要人去细细品味，不能看见一款车还没看第二眼的时候，就说这设计我接受不了。法国车的设计就是这世界中的一股清流，大部分时候我们都很难第一眼就看透他们的设计风格。以云逸为例，它的造型和同级别中的车都有着极大的反差，它圆润饱满，没有一丝棱角。但从中间将左右分开，我们看到的是完全对称的造型，包括车标。法国的建筑就能说明这个问题，喜欢轴对称设计，注重层次感，在意内外呼应。云逸的设计可以说代表了法国人对美学的理解，我们需要像品红酒一样慢慢品味。不管是外观还是内饰，每每看到云逸，总能让我想到法国，想到在欧洲最大的城市中，穿梭在古老的城区中。这样的感觉就像是每次看到了都会想到英国。我们一看到云逸就能想到法国，法国文化之于云逸，就相当于英国文化之于MINI。我们常说MINI代表了极其标准的英伦风范，而雪铁龙又何尝不是代表了法国的浪漫气息呢？云逸正是一台这样的车，我们看到了云逸，就会想到法国，坐进云逸，就好像坐到了巴黎街头的咖啡馆。在彰显个性的方面，云逸不输MINI，他们一个是法国的代表，一个是英国的代表，但又同时都是欧洲的代表，不同的是，你可以以一个更亲民的价格获得云逸，而综合表现上并不输同级对手。", "time": "11:15:42", "data": "2018-09-20", "author": "无", "comments_count": "0", "like": "0", "url": "https://auto.ifeng.com/daogou/20180920/1237265.shtml", "keyword": "巴黎"},
